_id,mblogid,created_at,geo,ip_location,reposts_count,comments_count,attitudes_count,source,content,pic_urls,pic_num,isLongText,is_retweet,user,url,关键词,分类,video,retweet_id
4819662488994242,M8fvGBJOq,2022-10-01 07:29:05,,发布于 上海,2,13,41,荣耀8X,深切缅怀共和国的缔造者：最近启封的一批延安时期老照片（2）#mini vlog# @微博影集 http://t.cn/A6oZEgym ​​​,[],0,False,False,"{'_id': '3170893447', 'avatar_hd': 'https://tva1.sinaimg.cn/crop.0.0.180.180.1024/bcfffe87jw1e8qgp5bmzyj2050050aa8.jpg?KID=imgbed,tva&Expires=1713193565&ssig=dMe5B2NCxZ', 'nick_name': '抱檏守真', 'verified': True, 'mbrank': 1, 'mbtype': 12, 'verified_type': 0}",https://weibo.com/3170893447/M8fvGBJOq,延安时期,历史时期,"http://f.video.weibocdn.com/o0/f77uL8cllx07ZDr2okkU010412005Xam0E010.mp4?label=mp4_720p&template=720x1280.24.0&ori=0&ps=1CwnkDw1GXwCQx&Expires=1713186365&ssig=cAd0ZEyoLR&KID=unistore,video",
4819662488994242,M8fvGBJOq,2022-10-01 07:29:05,,发布于 上海,2,13,41,荣耀8X,深切缅怀共和国的缔造者：最近启封的一批延安时期老照片（2）#mini vlog# @微博影集 http://t.cn/A6oZEgym ​​​,[],0,False,False,"{'_id': '3170893447', 'avatar_hd': 'https://tva1.sinaimg.cn/crop.0.0.180.180.1024/bcfffe87jw1e8qgp5bmzyj2050050aa8.jpg?KID=imgbed,tva&Expires=1713193938&ssig=ZMoyAKfF4T', 'nick_name': '抱檏守真', 'verified': True, 'mbrank': 1, 'mbtype': 12, 'verified_type': 0}",https://weibo.com/3170893447/M8fvGBJOq,延安时期,历史时期,"http://f.video.weibocdn.com/o0/f77uL8cllx07ZDr2okkU010412005Xam0E010.mp4?label=mp4_720p&template=720x1280.24.0&ori=0&ps=1CwnkDw1GXwCQx&Expires=1713186738&ssig=mWLmrIOrhd&KID=unistore,video",
4819691439130149,M8ggnCjat,2022-10-01 09:24:07,,发布于 北京,0,0,0,iPhone客户端,#大医·破晓篇#平生第一次线下追星，@马伯庸 马亲王新书《大医》签售。从爱尔兰医生柯师太福给张裕葡萄酒打第一支广告讲到自己查阅资料时无意发现徐悲鸿重庆治病病历亲笔签名，从民国期间红十字会上海鼠疫防治讲到抗战时期延安川口镇吐黄水病折射出的时代背景，以及这些细小无名故事背后的“大医”“义士”。这些几乎要尘封的故事和“小人物”每一个都在改变时代进程。以小见大，叹为观止。,"['https://wx1.sinaimg.cn/orj960/6aa201f1ly1h6pj0uviqcj21400u0abf', 'https://wx1.sinaimg.cn/orj960/6aa201f1ly1h6pj0v3cjwj21400u0gqz', 'https://wx1.sinaimg.cn/orj960/6aa201f1ly1h6pj0vhkxrj21400u0wgd', 'https://wx1.sinaimg.cn/orj960/6aa201f1ly1h6pj0wp44dj21400u0wnd', 'https://wx1.sinaimg.cn/orj960/6aa201f1ly1h6pj0wfq42j21400u0wge', 'https://wx1.sinaimg.cn/orj960/6aa201f1ly1h6pj0xqkz6j20u01400xz']",6,True,False,"{'_id': '1789002225', 'avatar_hd': 'https://tvax1.sinaimg.cn/crop.0.0.844.844.1024/6aa201f1ly8hby815ltxqj20ng0ngju5.jpg?KID=imgbed,tva&Expires=1713193960&ssig=3emn831rPI', 'nick_name': '里昂很满意', 'verified': False, 'mbrank': 0, 'mbtype': 0}",https://weibo.com/1789002225/M8ggnCjat,延安时期,历史时期,,
4819691439130149,M8ggnCjat,2022-10-01 09:24:07,,发布于 北京,0,0,0,iPhone客户端,#大医·破晓篇#平生第一次线下追星，@马伯庸 马亲王新书《大医》签售。从爱尔兰医生柯师太福给张裕葡萄酒打第一支广告讲到自己查阅资料时无意发现徐悲鸿重庆治病病历亲笔签名，从民国期间红十字会上海鼠疫防治讲到抗战时期延安川口镇吐黄水病折射出的时代背景，以及这些细小无名故事背后的“大医”“义士”。这些几乎要尘封的故事和“小人物”每一个都在改变时代进程。以小见大，叹为观止。,"['https://wx1.sinaimg.cn/orj960/6aa201f1ly1h6pj0uviqcj21400u0abf', 'https://wx1.sinaimg.cn/orj960/6aa201f1ly1h6pj0v3cjwj21400u0gqz', 'https://wx1.sinaimg.cn/orj960/6aa201f1ly1h6pj0vhkxrj21400u0wgd', 'https://wx1.sinaimg.cn/orj960/6aa201f1ly1h6pj0wp44dj21400u0wnd', 'https://wx1.sinaimg.cn/orj960/6aa201f1ly1h6pj0wfq42j21400u0wge', 'https://wx1.sinaimg.cn/orj960/6aa201f1ly1h6pj0xqkz6j20u01400xz']",6,True,False,"{'_id': '1789002225', 'avatar_hd': 'https://tvax1.sinaimg.cn/crop.0.0.844.844.1024/6aa201f1ly8hby815ltxqj20ng0ngju5.jpg?KID=imgbed,tva&Expires=1713193967&ssig=2WIkO4b8j5', 'nick_name': '里昂很满意', 'verified': False, 'mbrank': 0, 'mbtype': 0}",https://weibo.com/1789002225/M8ggnCjat,延安时期,历史时期,,
4819755246293337,M8hViqpbr,2022-10-01 13:37:40,,发布于 安徽,0,0,6,微博 weibo.com,"在行业不景气的日子里，李中坚专赴北京学习表演，作为特型演员出演邓小平[笑cry]
http://t.cn/A6G32oux
百年邓小平
2004年08月25日 02:06:41
本报记者 徐百柯

　 8月22日，一个星期以来几乎已经习惯了早上起床先打开电视，帮中国代表团数数雅典奥运会金牌数的中国老百姓们，很多人把频道转到了中央一台，看正在直播的邓小平诞辰一百周年纪念大会。

　 20年前的7月29日，是大多数中国人奥运记忆的起点。那一天，许海峰为中国获得了第一枚奥运金牌，而洛杉矶奥运会也是
 中国首次全面参加的夏季奥运会。两个月之后，10月1日，中华人民共和国成立35周年庆祝典礼。游行队伍中，北大学生打出了当代中国最著名的一幅标语：小平，您好！

　 电视画面记录的那个历史瞬间是这样出现的：站在天安门城楼上的胡耀邦最先看见了什么，微笑了起来，然后倾斜过身子对着神色庄重的邓小平说了一句话，同时手指向长安街上的游行队伍，邓小平的脸上露出了笑容。这时，电视镜头转向游行队伍，一幅绿底黑字的横幅出现在镜头中，全世界都看见了那四个字。

　 20年后，当中国人眼中看着雅典奥运，心里想着北京奥运时，前北京市副市长张百发告诉媒体：“小平同志是国家领导同志中第一个提出要办奥运会的！”

　 他回忆，1990年7月3日，邓小平视察奥体中心体育场。站在奥体中心看台的最高层，他向身边的张百发和伍绍祖说：“办好亚运会就要办奥运会，不然就是浪费了一半，举办奥运会对振奋民族精神、振兴经济有好处。”

　 于是，我们发现，这一周内，中国最具影响力的事件和世界最具影响力的事件，竟然以这样一种奇妙的方式发生了某种联系。

　 这种联系其实更像是一种隐喻：邓小平，改变了中国的意义世界，也改变了中国的世界意义。

　 按照权威的表述，邓小平是中国共产党第一代领导集体的重要成员和第二代领导集体的核心，他非常清醒地看到了中国共产党执政面临的危机，制定了市场经济改革的政策，与此相匹配，提出了政治体制改革的设想，并产生了中国市场经济改革的指导理论―――邓小平理论。

　 百年前，上距甲午战争十年，下距辛亥革命七年，邓小平出生时，没有人能预见到他会叠加如此丰富的意义。正如邓小平故居留言簿上，1989年4月9日，一位慕名而来的教师所写道的：“公元1904年8月22日这一天，他妈妈肯定想像不到，她儿子以后会成为世界伟人！”

　 以1949年为标志，中国共产党人断裂性地改变了中国的意义世界。以甲午战争为代表的民族耻辱被宣告为已经结束的历史，而以辛亥革命为代表的中国问题解决方案被宣告为失败。中国进入社会主义，并且，事后看来，不是人的“社会主义”，而是理念的“社会主义”。

　 以1978年为标志，中国共产党人在邓小平的领导下再次改变了中国的意义世界。各式各样的理念被宣告为不切实际的空想，除了一条，实事求是；而人民的肚皮被宣告为中国共产党首要考虑的问题。

　 这其中，毫无疑问，也包括邓小平的老乡王狗儿的肚皮。由于邓小平百年诞辰，王狗儿这个名字，也许是第一次出现在了中国的媒体上。这个“戴着三个金戒指的生意人”，租用着邓小平父亲邓绍昌当年所开的饭馆“味无穷”的门店和牌号，在邓小平童年经常活动的协兴老街上，发出声声悠长的吆喝“买，豆腐干―――哈”。1986年，在贫困线上挣扎的他贷款200元开始了豆制品生意，如今，靠着生意，他每天的收入“竟高达2000余元”。

　 许多媒体都把邓小平1979年访美时，从欢迎他的普通美国人手中接过白色牛仔帽，潇洒地戴在头上，评为他的“精彩瞬间”之一。从那次访问，邓小平开始改变中国的世界意义。

　 当时的美国《时代》周刊描述说，1978年，也许其他一些人比邓更为世界所关注。吉米？卡特可望通过自己成功的对外政策再次赢得民心；波兰运动员兼学者、克拉科夫大主教卡罗尔？沃伊蒂瓦荣登教皇宝座（约翰？保罗二世）；加利福尼亚退休的实业家霍华德？加尔维斯提出了一个“第十三号减税倡议”，得到了美国选民的热烈响应和赞同；在圭亚那的丛林中，狂热的巫术预言家吉姆？琼斯对自己的信徒们导演了一场灭绝人性的屠杀及自杀“白夜”，致使913人丧生。“然而”，《时代》周刊的结论是，“以上这一切，较之于中国决定加入世界大舞台来说，都是微不足道的”。

　 所以，邓小平的头像登上了1979年第一期《时代》周刊的封面，他被评为1978年年度人物。美国人写道：“一个崭新中国的梦想者―――邓小平向世界打开了‘中央之国’的大门。这是人类历史上气势恢宏，绝无仅有的一个壮举！”

　 这扇门，毫无疑问，也向陈依贵打开了。美国华文报纸《世界日报》在邓小平百年诞辰之际采访了这个纽约的电话卡小贩。他说，上世纪80年代，福建移民开始大举移居海外，而如果大陆没有改革开放，像他这样的人要出外闯天下，“只能是痴想”。

　 在纪念邓小平的热潮中，我们注意到这样一个细节：40集电视文献片《延安颂》中邓小平的扮演者李中坚，其身份是温州一家民营打火机厂的总经理。

　 2002年10月，李中坚这个和邓小平一样矮个子的中国人，作为中国打火机企业的代表赴欧盟总部布鲁塞尔，在“欧中首届反倾销论坛”上慷慨陈词，最终赢得了那场在中国经济学界享有广泛声誉的跨国官司。

　 美国《福布斯》杂志今年一月号曾发表了对李中坚的专访，标题是《游走在企业家和“伟人”中间》。文章是这样开篇的：“在行业不景气的日子里，李中坚专赴北京学习表演，作为特型演员出演邓小平。”

　 身家颇丰的李中坚表示，他的所有财富都受益于邓小平倡导的改革开放。他在接受媒体采访时说：“十多年前，当第一部反映邓小平革命生涯的电影《百色起义》上映时，就有人说我长得很像青年时期的邓小平。“当初听别人说我像邓小平时，我心里很不安：邓小平可是我的偶像！扮演邓小平就更不敢奢望了。但出于对改革开放总设计师的感激和尊重，在大家的鼓励和支持下，我觉得没有理由不去试一试。没有邓小平，我李中坚也不会有现在的事业。”

　 新华社所发的大量关于邓小平百年诞辰的稿件中，颇有意味的是这样一篇：30年前，中国几乎所有出版物都要以“毛主席教导我们”开头，广播、电台、公开场合的演讲乃至老师讲课都大段大段地引用毛主席语录。结果是《毛泽东选集》成为迄今世界上发行量第二大的书籍，仅次于《圣经》。对此，中国人民大学教授杨惠琳评价说，如果一种语言对人的长期统治使人们的表达方式都趋于一致，使用的词汇也基本相同，“这样说话就没有了任何意义，不能代表任何思想”。

　 从“毛主席说”到“我认为”，新华社稿件引用北京首家“当众说话”能力培训学校校长曹瑞芳的看法，“当代中国最有名的敢于独立思考并直言不讳的人是邓小平”。

　 大多数中国人对邓小平的“名言”都耳熟能详，从“不管白猫黑猫，捉住老鼠就是好猫”、“让一部分人先富起来”，到“改革开放胆子要大一些，敢于试验，不能像小脚女人一样”，再到“不讨论”、“发展就是硬道理”。

　 所谓意味在于，我们看到，邓小平所开启的直率风格和实用主义哲学甚至潜移默化地影响到了中国民众的深层心理。这也应该算是迄今还未得到充分讨论的“邓遗产”之一吧。

　 不过，百年邓小平的意义显然还不止这些。比如这条报道：“今年是邓小平同志诞辰一百周年，小平同志的故乡―――四川广安成为旅游热点。2004年以来，广安共接待游客298．6万人次，实现旅游总收入8．4亿元，均比2003年同期增长1倍以上。随着邓小平百年诞辰纪念日的临近，邓小平故居保护区做好各项准备，迎接旅游高峰的到来。”

　 很值得讨论一下的，也许正是广安。记者曾接触过一些四川其他“贫困老区”的官员，提到广安时，他们会露出一种奇怪的神色，说道：“广安嘛，这次赚大了！”其中，似乎有羡慕，也有某种讽刺。

　 据说，小平故里这两年的面貌发生了“翻天覆地”的变化，有了豪华的宾馆，也有了高档的住宅。不过，宾馆的客源有很多是从各地前来“参观学习”的官员，而新建的住宅很多根本就卖不出去，因为老区的百姓依然并不富裕。

　 与百年邓小平带给广安的发展相比，百年邓小平带给中国出版界的好处可能更加“实在”些。仅四川出版集团一家，就推出了60种纪念出版物。

　 作为资深的出版界人士，四川文艺出版社副社长金平曾经向记者比较过纪念毛泽东百年诞辰的出版物和纪念邓小平百年诞辰的出版物。他认为，对于毛泽东，大众往往有一种“探秘”的心理，出版物也随之徘徊在不断的神化和人化之间。相比之下，邓小平似乎没有特别引人关注的“秘闻”，他可以是“伟人”，也可以是“凡人”，但不会“走上神坛”。

　 说过“我是维吾尔族姑娘，辫子多，一抓一大把”这样的话的邓小平，应该是很有一些冷幽默的。所以，纪念邓小平，似乎也不用一直板着脸孔作严肃状。巧合的是，邓小平的百年诞辰是在“猴年”的“马月”，而在他的家乡话里，“猴年马月”指的是遥遥无期。

　 邓小平“摸着石头过河”，把中国从“猴年马月”的空想拉回“中国特色社会主义”，他这套哲学深刻地影响了当代中国社会。然而摆脱了“猴年马月”的中国社会，似乎又在某种程度上陷入了“此时此刻”的泛功利化甚至泛庸俗化困境。对此回应，不会等到“猴年马月”吧。",[],0,True,False,"{'_id': '3710258141', 'avatar_hd': 'https://tva2.sinaimg.cn/crop.0.0.2048.2048.1024/dd260bddjw8etrpjbaw7tj21kw2d0e81.jpg?KID=imgbed,tva&Expires=1713194019&ssig=6HzHs63UOX', 'nick_name': '中科大胡不归', 'verified': True, 'mbrank': 1, 'mbtype': 12, 'verified_type': 0}",https://weibo.com/3710258141/M8hViqpbr,延安时期,历史时期,,
4819755246293337,M8hViqpbr,2022-10-01 13:37:40,,发布于 安徽,0,0,6,微博 weibo.com,"在行业不景气的日子里，李中坚专赴北京学习表演，作为特型演员出演邓小平[笑cry]
http://t.cn/A6G32oux
百年邓小平
2004年08月25日 02:06:41
本报记者 徐百柯

　 8月22日，一个星期以来几乎已经习惯了早上起床先打开电视，帮中国代表团数数雅典奥运会金牌数的中国老百姓们，很多人把频道转到了中央一台，看正在直播的邓小平诞辰一百周年纪念大会。

　 20年前的7月29日，是大多数中国人奥运记忆的起点。那一天，许海峰为中国获得了第一枚奥运金牌，而洛杉矶奥运会也是
 中国首次全面参加的夏季奥运会。两个月之后，10月1日，中华人民共和国成立35周年庆祝典礼。游行队伍中，北大学生打出了当代中国最著名的一幅标语：小平，您好！

　 电视画面记录的那个历史瞬间是这样出现的：站在天安门城楼上的胡耀邦最先看见了什么，微笑了起来，然后倾斜过身子对着神色庄重的邓小平说了一句话，同时手指向长安街上的游行队伍，邓小平的脸上露出了笑容。这时，电视镜头转向游行队伍，一幅绿底黑字的横幅出现在镜头中，全世界都看见了那四个字。

　 20年后，当中国人眼中看着雅典奥运，心里想着北京奥运时，前北京市副市长张百发告诉媒体：“小平同志是国家领导同志中第一个提出要办奥运会的！”

　 他回忆，1990年7月3日，邓小平视察奥体中心体育场。站在奥体中心看台的最高层，他向身边的张百发和伍绍祖说：“办好亚运会就要办奥运会，不然就是浪费了一半，举办奥运会对振奋民族精神、振兴经济有好处。”

　 于是，我们发现，这一周内，中国最具影响力的事件和世界最具影响力的事件，竟然以这样一种奇妙的方式发生了某种联系。

　 这种联系其实更像是一种隐喻：邓小平，改变了中国的意义世界，也改变了中国的世界意义。

　 按照权威的表述，邓小平是中国共产党第一代领导集体的重要成员和第二代领导集体的核心，他非常清醒地看到了中国共产党执政面临的危机，制定了市场经济改革的政策，与此相匹配，提出了政治体制改革的设想，并产生了中国市场经济改革的指导理论―――邓小平理论。

　 百年前，上距甲午战争十年，下距辛亥革命七年，邓小平出生时，没有人能预见到他会叠加如此丰富的意义。正如邓小平故居留言簿上，1989年4月9日，一位慕名而来的教师所写道的：“公元1904年8月22日这一天，他妈妈肯定想像不到，她儿子以后会成为世界伟人！”

　 以1949年为标志，中国共产党人断裂性地改变了中国的意义世界。以甲午战争为代表的民族耻辱被宣告为已经结束的历史，而以辛亥革命为代表的中国问题解决方案被宣告为失败。中国进入社会主义，并且，事后看来，不是人的“社会主义”，而是理念的“社会主义”。

　 以1978年为标志，中国共产党人在邓小平的领导下再次改变了中国的意义世界。各式各样的理念被宣告为不切实际的空想，除了一条，实事求是；而人民的肚皮被宣告为中国共产党首要考虑的问题。

　 这其中，毫无疑问，也包括邓小平的老乡王狗儿的肚皮。由于邓小平百年诞辰，王狗儿这个名字，也许是第一次出现在了中国的媒体上。这个“戴着三个金戒指的生意人”，租用着邓小平父亲邓绍昌当年所开的饭馆“味无穷”的门店和牌号，在邓小平童年经常活动的协兴老街上，发出声声悠长的吆喝“买，豆腐干―――哈”。1986年，在贫困线上挣扎的他贷款200元开始了豆制品生意，如今，靠着生意，他每天的收入“竟高达2000余元”。

　 许多媒体都把邓小平1979年访美时，从欢迎他的普通美国人手中接过白色牛仔帽，潇洒地戴在头上，评为他的“精彩瞬间”之一。从那次访问，邓小平开始改变中国的世界意义。

　 当时的美国《时代》周刊描述说，1978年，也许其他一些人比邓更为世界所关注。吉米？卡特可望通过自己成功的对外政策再次赢得民心；波兰运动员兼学者、克拉科夫大主教卡罗尔？沃伊蒂瓦荣登教皇宝座（约翰？保罗二世）；加利福尼亚退休的实业家霍华德？加尔维斯提出了一个“第十三号减税倡议”，得到了美国选民的热烈响应和赞同；在圭亚那的丛林中，狂热的巫术预言家吉姆？琼斯对自己的信徒们导演了一场灭绝人性的屠杀及自杀“白夜”，致使913人丧生。“然而”，《时代》周刊的结论是，“以上这一切，较之于中国决定加入世界大舞台来说，都是微不足道的”。

　 所以，邓小平的头像登上了1979年第一期《时代》周刊的封面，他被评为1978年年度人物。美国人写道：“一个崭新中国的梦想者―――邓小平向世界打开了‘中央之国’的大门。这是人类历史上气势恢宏，绝无仅有的一个壮举！”

　 这扇门，毫无疑问，也向陈依贵打开了。美国华文报纸《世界日报》在邓小平百年诞辰之际采访了这个纽约的电话卡小贩。他说，上世纪80年代，福建移民开始大举移居海外，而如果大陆没有改革开放，像他这样的人要出外闯天下，“只能是痴想”。

　 在纪念邓小平的热潮中，我们注意到这样一个细节：40集电视文献片《延安颂》中邓小平的扮演者李中坚，其身份是温州一家民营打火机厂的总经理。

　 2002年10月，李中坚这个和邓小平一样矮个子的中国人，作为中国打火机企业的代表赴欧盟总部布鲁塞尔，在“欧中首届反倾销论坛”上慷慨陈词，最终赢得了那场在中国经济学界享有广泛声誉的跨国官司。

　 美国《福布斯》杂志今年一月号曾发表了对李中坚的专访，标题是《游走在企业家和“伟人”中间》。文章是这样开篇的：“在行业不景气的日子里，李中坚专赴北京学习表演，作为特型演员出演邓小平。”

　 身家颇丰的李中坚表示，他的所有财富都受益于邓小平倡导的改革开放。他在接受媒体采访时说：“十多年前，当第一部反映邓小平革命生涯的电影《百色起义》上映时，就有人说我长得很像青年时期的邓小平。“当初听别人说我像邓小平时，我心里很不安：邓小平可是我的偶像！扮演邓小平就更不敢奢望了。但出于对改革开放总设计师的感激和尊重，在大家的鼓励和支持下，我觉得没有理由不去试一试。没有邓小平，我李中坚也不会有现在的事业。”

　 新华社所发的大量关于邓小平百年诞辰的稿件中，颇有意味的是这样一篇：30年前，中国几乎所有出版物都要以“毛主席教导我们”开头，广播、电台、公开场合的演讲乃至老师讲课都大段大段地引用毛主席语录。结果是《毛泽东选集》成为迄今世界上发行量第二大的书籍，仅次于《圣经》。对此，中国人民大学教授杨惠琳评价说，如果一种语言对人的长期统治使人们的表达方式都趋于一致，使用的词汇也基本相同，“这样说话就没有了任何意义，不能代表任何思想”。

　 从“毛主席说”到“我认为”，新华社稿件引用北京首家“当众说话”能力培训学校校长曹瑞芳的看法，“当代中国最有名的敢于独立思考并直言不讳的人是邓小平”。

　 大多数中国人对邓小平的“名言”都耳熟能详，从“不管白猫黑猫，捉住老鼠就是好猫”、“让一部分人先富起来”，到“改革开放胆子要大一些，敢于试验，不能像小脚女人一样”，再到“不讨论”、“发展就是硬道理”。

　 所谓意味在于，我们看到，邓小平所开启的直率风格和实用主义哲学甚至潜移默化地影响到了中国民众的深层心理。这也应该算是迄今还未得到充分讨论的“邓遗产”之一吧。

　 不过，百年邓小平的意义显然还不止这些。比如这条报道：“今年是邓小平同志诞辰一百周年，小平同志的故乡―――四川广安成为旅游热点。2004年以来，广安共接待游客298．6万人次，实现旅游总收入8．4亿元，均比2003年同期增长1倍以上。随着邓小平百年诞辰纪念日的临近，邓小平故居保护区做好各项准备，迎接旅游高峰的到来。”

　 很值得讨论一下的，也许正是广安。记者曾接触过一些四川其他“贫困老区”的官员，提到广安时，他们会露出一种奇怪的神色，说道：“广安嘛，这次赚大了！”其中，似乎有羡慕，也有某种讽刺。

　 据说，小平故里这两年的面貌发生了“翻天覆地”的变化，有了豪华的宾馆，也有了高档的住宅。不过，宾馆的客源有很多是从各地前来“参观学习”的官员，而新建的住宅很多根本就卖不出去，因为老区的百姓依然并不富裕。

　 与百年邓小平带给广安的发展相比，百年邓小平带给中国出版界的好处可能更加“实在”些。仅四川出版集团一家，就推出了60种纪念出版物。

　 作为资深的出版界人士，四川文艺出版社副社长金平曾经向记者比较过纪念毛泽东百年诞辰的出版物和纪念邓小平百年诞辰的出版物。他认为，对于毛泽东，大众往往有一种“探秘”的心理，出版物也随之徘徊在不断的神化和人化之间。相比之下，邓小平似乎没有特别引人关注的“秘闻”，他可以是“伟人”，也可以是“凡人”，但不会“走上神坛”。

　 说过“我是维吾尔族姑娘，辫子多，一抓一大把”这样的话的邓小平，应该是很有一些冷幽默的。所以，纪念邓小平，似乎也不用一直板着脸孔作严肃状。巧合的是，邓小平的百年诞辰是在“猴年”的“马月”，而在他的家乡话里，“猴年马月”指的是遥遥无期。

　 邓小平“摸着石头过河”，把中国从“猴年马月”的空想拉回“中国特色社会主义”，他这套哲学深刻地影响了当代中国社会。然而摆脱了“猴年马月”的中国社会，似乎又在某种程度上陷入了“此时此刻”的泛功利化甚至泛庸俗化困境。对此回应，不会等到“猴年马月”吧。",[],0,True,False,"{'_id': '3710258141', 'avatar_hd': 'https://tva2.sinaimg.cn/crop.0.0.2048.2048.1024/dd260bddjw8etrpjbaw7tj21kw2d0e81.jpg?KID=imgbed,tva&Expires=1713194026&ssig=RFMn6VsjkP', 'nick_name': '中科大胡不归', 'verified': True, 'mbrank': 1, 'mbtype': 12, 'verified_type': 0}",https://weibo.com/3710258141/M8hViqpbr,延安时期,历史时期,,
4819775785798959,M8isqokzB,2022-10-01 14:59:17,,发布于 广东,14,11,47,荣耀50 Pro 5G,【老照片】1944年，陕北。抗战时期，以鬼子为首的法西斯疲态尽显，八路军高级军官在延安宴请了来访的美军军事观察代表团。此时，我们的物质条件也大为改观，但是比起重庆的西洋乐器、晚装贵妇、白手套、皮鞋、燕尾服还是差太远。在当时陕北来说，这样的伙食条件已是很不错，这是美国记者拍的原版照片。 ​​​,"['https://wx1.sinaimg.cn/orj960/bc922383gy1h6psp12my1j24bl2uq7wk', 'https://wx1.sinaimg.cn/orj960/bc922383gy1h6psp7hakcj24aa2snb2d', 'https://wx1.sinaimg.cn/orj960/bc922383gy1h6pspbvkwsj24ag2ut7wk', 'https://wx1.sinaimg.cn/orj960/bc922383gy1h6pspg8vlgj24dn2wehdw', 'https://wx1.sinaimg.cn/orj960/bc922383gy1h6pspkk24lj24972sehdw', 'https://wx1.sinaimg.cn/orj960/bc922383gy1h6pspqfbblj24af2sfb2d']",6,False,False,"{'_id': '3163693955', 'avatar_hd': 'https://tvax1.sinaimg.cn/crop.0.0.1026.1026.1024/bc922383ly8hcz111bbqej20si0sitah.jpg?KID=imgbed,tva&Expires=1713194037&ssig=F0JwgJpMn5', 'nick_name': '唐哲同学', 'verified': True, 'mbrank': 2, 'mbtype': 12, 'verified_type': 0}",https://weibo.com/3163693955/M8isqokzB,延安时期,历史时期,,
4819863765255420,M8kKkm3aQ,2022-10-01 20:48:52,,发布于 湖北,0,0,0,vivo S12,"#青春献礼二十大,强国有我新征程# @中国文明网 @文明十堰 @湖北医药学院清朗网络文明传播 在中国革命的岁月里，一批又一批的先进分子舍弃个人利益乃至生命，义无反顾地加入中国共产党的行列。他们出身各异，参加革命的时间有先有后，但为了一个共同的目标，汇集在了中国共产党的旗帜下。他们为实现理想而表现出来的坚韧不拔的意志和昂扬的奋斗精神，成为共产党人永远的精神财富。

徐特立：一本没有字的教科书

徐特立被称为“延安五老”之一。1927年5月，时年50岁的徐特立毅然决然地加入中国共产党。陆定一称赞他入党的行动，“这本没有字的教科书，比什么教科书都好，也比什么教科书都重要”

贺龙：党叫我怎么办，我就怎么办

早在北伐时期，贺龙就是一位英勇善战、战功赫赫的著名将领，是两把菜刀闹革命的传奇式英雄。中国共产党的成立，使贺龙在黑暗中找到了光明。1924年底，贺龙通过各种渠道寻找共产党。他先后接触了共产党员夏曦、毛泽东派来的兼有国共两党省委委员身份的陈昌甫，并慷慨资助中共5万银元。1926年8月，贺龙向国民革命军总政治部派到他的军中开展政治工作的共产党员周逸群提出入党请求。由于当时中共规定，在友军内部不准吸收高级军官入党，周逸群只好对他说：“共产党是不关门的，只要够条件，时机一到，一定会有人找你。”在大革命失败前夕，面对白色恐怖，有的人动摇了，有的人甚至背叛了革命，但贺龙对

南昌起义后，作为起义部队总指挥，贺龙更加坚定了加入共产党的愿望。周逸群将这一要求转达给了起义部队中共前敌委员会书记周恩来。起义军返回瑞金后，周恩来主持召开前委会议，一致通过了贺龙的入党申请。随后，在瑞金绵江边上一所学校举行了由周逸群、谭平山作为介绍人，起义部队总指挥贺龙、政治部主任郭沫若和革命委员会党务部常委彭泽民三位起义部队高级干部的入党宣誓仪式。起义部队前委书记周恩来出席贺龙等人的入党仪式并作了重要讲话。

贺龙这位刚猛的铁骨硬汉，激动得流下了眼泪。他表示：党为了考验我，培养我，整整有三个年头，直到“八—”起义后，才批准我参加。由此可见，当一个中国共产党党员是很不容易的，是要经得起考验的，而且参加党之后更要经得起党的长期考验；绝不是一参加之后，就万事大吉了，就不再要党的考验了。今后，党叫我怎么办，我就怎么办；纵使粉身碎骨，也绝不背叛党!

宋庆龄：共产党是“唯一拥有人民大众力量的政党”

1949年9月，宋庆龄参加中国人民政治协商会议第一届全体会议，并当选为中央人民政府副主席。宋庆龄在会上说：“我们达到今天的历史地位，是由于中国共产党的领导。这是唯一拥有人民大众力量的政党。”

宋庆龄伟大光辉的一生中，曾有过3次申请入党经历。1950年3月，宋庆龄第一次给中共中央写信，表达了多年向往加入共产党的心情。中共中央在收到宋庆龄的信后，暂未作明确答复。1952年10月，宋庆龄认为前信请求入党的意思并未表达清楚，于是决定直接给毛泽东写信。毛泽东甚为感动，他对宋庆龄真诚地表示：“你要求加入中国共产党，对中国共产党是一个光荣。因为你在政治上是完全够格的。在革命战争的时期，实际上你已经是我党优秀的领导者之一。今后还有许多工作需要你，有些事情我们党内的同志做不好，你做却很合适……所以还是留在党外好。”1957年4月，宋庆龄向当时正在上海的刘少奇当面提出加入中国共产党的要求。刘少奇回京后向毛泽东和中央政治局作了汇报，讨论研究后仍倾向于宋庆龄继续留在党外，以便更好开展工作。宋庆龄听完意见后，表示理解和接受，此后再未正式提入党要求。

”",[],0,True,False,"{'_id': '6306011811', 'avatar_hd': 'https://tvax4.sinaimg.cn/crop.0.0.960.960.1024/006SLnJVly8h8bt5p2az2j30qo0qoq65.jpg?KID=imgbed,tva&Expires=1713194112&ssig=bfDYBdppMh', 'nick_name': '呜呜呜啥时候能回家', 'verified': False, 'mbrank': 0, 'mbtype': 0}",https://weibo.com/6306011811/M8kKkm3aQ,延安时期,历史时期,,
4819863765255420,M8kKkm3aQ,2022-10-01 20:48:52,,发布于 湖北,0,0,0,vivo S12,"#青春献礼二十大,强国有我新征程# @中国文明网 @文明十堰 @湖北医药学院清朗网络文明传播 在中国革命的岁月里，一批又一批的先进分子舍弃个人利益乃至生命，义无反顾地加入中国共产党的行列。他们出身各异，参加革命的时间有先有后，但为了一个共同的目标，汇集在了中国共产党的旗帜下。他们为实现理想而表现出来的坚韧不拔的意志和昂扬的奋斗精神，成为共产党人永远的精神财富。

徐特立：一本没有字的教科书

徐特立被称为“延安五老”之一。1927年5月，时年50岁的徐特立毅然决然地加入中国共产党。陆定一称赞他入党的行动，“这本没有字的教科书，比什么教科书都好，也比什么教科书都重要”

贺龙：党叫我怎么办，我就怎么办

早在北伐时期，贺龙就是一位英勇善战、战功赫赫的著名将领，是两把菜刀闹革命的传奇式英雄。中国共产党的成立，使贺龙在黑暗中找到了光明。1924年底，贺龙通过各种渠道寻找共产党。他先后接触了共产党员夏曦、毛泽东派来的兼有国共两党省委委员身份的陈昌甫，并慷慨资助中共5万银元。1926年8月，贺龙向国民革命军总政治部派到他的军中开展政治工作的共产党员周逸群提出入党请求。由于当时中共规定，在友军内部不准吸收高级军官入党，周逸群只好对他说：“共产党是不关门的，只要够条件，时机一到，一定会有人找你。”在大革命失败前夕，面对白色恐怖，有的人动摇了，有的人甚至背叛了革命，但贺龙对

南昌起义后，作为起义部队总指挥，贺龙更加坚定了加入共产党的愿望。周逸群将这一要求转达给了起义部队中共前敌委员会书记周恩来。起义军返回瑞金后，周恩来主持召开前委会议，一致通过了贺龙的入党申请。随后，在瑞金绵江边上一所学校举行了由周逸群、谭平山作为介绍人，起义部队总指挥贺龙、政治部主任郭沫若和革命委员会党务部常委彭泽民三位起义部队高级干部的入党宣誓仪式。起义部队前委书记周恩来出席贺龙等人的入党仪式并作了重要讲话。

贺龙这位刚猛的铁骨硬汉，激动得流下了眼泪。他表示：党为了考验我，培养我，整整有三个年头，直到“八—”起义后，才批准我参加。由此可见，当一个中国共产党党员是很不容易的，是要经得起考验的，而且参加党之后更要经得起党的长期考验；绝不是一参加之后，就万事大吉了，就不再要党的考验了。今后，党叫我怎么办，我就怎么办；纵使粉身碎骨，也绝不背叛党!

宋庆龄：共产党是“唯一拥有人民大众力量的政党”

1949年9月，宋庆龄参加中国人民政治协商会议第一届全体会议，并当选为中央人民政府副主席。宋庆龄在会上说：“我们达到今天的历史地位，是由于中国共产党的领导。这是唯一拥有人民大众力量的政党。”

宋庆龄伟大光辉的一生中，曾有过3次申请入党经历。1950年3月，宋庆龄第一次给中共中央写信，表达了多年向往加入共产党的心情。中共中央在收到宋庆龄的信后，暂未作明确答复。1952年10月，宋庆龄认为前信请求入党的意思并未表达清楚，于是决定直接给毛泽东写信。毛泽东甚为感动，他对宋庆龄真诚地表示：“你要求加入中国共产党，对中国共产党是一个光荣。因为你在政治上是完全够格的。在革命战争的时期，实际上你已经是我党优秀的领导者之一。今后还有许多工作需要你，有些事情我们党内的同志做不好，你做却很合适……所以还是留在党外好。”1957年4月，宋庆龄向当时正在上海的刘少奇当面提出加入中国共产党的要求。刘少奇回京后向毛泽东和中央政治局作了汇报，讨论研究后仍倾向于宋庆龄继续留在党外，以便更好开展工作。宋庆龄听完意见后，表示理解和接受，此后再未正式提入党要求。

”",[],0,True,False,"{'_id': '6306011811', 'avatar_hd': 'https://tvax4.sinaimg.cn/crop.0.0.960.960.1024/006SLnJVly8h8bt5p2az2j30qo0qoq65.jpg?KID=imgbed,tva&Expires=1713194119&ssig=4Ldj2g%2FGGq', 'nick_name': '呜呜呜啥时候能回家', 'verified': False, 'mbrank': 0, 'mbtype': 0}",https://weibo.com/6306011811/M8kKkm3aQ,延安时期,历史时期,,
4819860049629162,M8kEkEoZ4,2022-10-01 20:34:07,,发布于 陕西,0,0,0,微博轻享版,"【多语种讲好陕西文学中的红色经典（九）】茅盾：《白杨礼赞》（1941）
陕西省文化资源丰富，文学成就显著。“多语种讲好陕西文学中的红色经典”专题推送聚焦延安时期以来的陕西红色文学经典，包括对现代陕西作家的经典红色文学作品、相关作家在陕西创作的革命文学作品、当代陕西作家富有历史眼光的现实主义作品等进行多语种翻译推广与宣传，与广大读者一起见证陕西文学从革命黄土走向辉煌富丽的旅程，助力讲好陕西红色故事，传播中国文学声音。
http://t.cn/A6owKGyJ",[],0,True,False,"{'_id': '6912754446', 'avatar_hd': 'https://tvax4.sinaimg.cn/crop.0.0.512.512.1024/007xPddsly8ga4kbsvq79j30e80e8t9g.jpg?KID=imgbed,tva&Expires=1713194126&ssig=TgGBKRhRJZ', 'nick_name': '陕西省外国文学学会', 'verified': False, 'mbrank': 0, 'mbtype': 0}",https://weibo.com/6912754446/M8kEkEoZ4,延安时期,历史时期,,
4819662488994242,M8fvGBJOq,2022-10-01 07:29:05,,发布于 上海,2,13,41,荣耀8X,深切缅怀共和国的缔造者：最近启封的一批延安时期老照片（2）#mini vlog# @微博影集 http://t.cn/A6oZEgym ​​​,[],0,False,False,"{'_id': '3170893447', 'avatar_hd': 'https://tva1.sinaimg.cn/crop.0.0.180.180.1024/bcfffe87jw1e8qgp5bmzyj2050050aa8.jpg?KID=imgbed,tva&Expires=1713195219&ssig=hukX%2F3VNhl', 'nick_name': '抱檏守真', 'verified': True, 'mbrank': 1, 'mbtype': 12, 'verified_type': 0}",https://weibo.com/3170893447/M8fvGBJOq,延安时期,历史时期,"http://f.video.weibocdn.com/o0/f77uL8cllx07ZDr2okkU010412005Xam0E010.mp4?label=mp4_720p&template=720x1280.24.0&ori=0&ps=1CwnkDw1GXwCQx&Expires=1713188019&ssig=pub%2FTcCNH0&KID=unistore,video",
4819691439130149,M8ggnCjat,2022-10-01 09:24:07,,发布于 北京,0,0,0,iPhone客户端,#大医·破晓篇#平生第一次线下追星，@马伯庸 马亲王新书《大医》签售。从爱尔兰医生柯师太福给张裕葡萄酒打第一支广告讲到自己查阅资料时无意发现徐悲鸿重庆治病病历亲笔签名，从民国期间红十字会上海鼠疫防治讲到抗战时期延安川口镇吐黄水病折射出的时代背景，以及这些细小无名故事背后的“大医”“义士”。这些几乎要尘封的故事和“小人物”每一个都在改变时代进程。以小见大，叹为观止。,"['https://wx1.sinaimg.cn/orj960/6aa201f1ly1h6pj0uviqcj21400u0abf', 'https://wx1.sinaimg.cn/orj960/6aa201f1ly1h6pj0v3cjwj21400u0gqz', 'https://wx1.sinaimg.cn/orj960/6aa201f1ly1h6pj0vhkxrj21400u0wgd', 'https://wx1.sinaimg.cn/orj960/6aa201f1ly1h6pj0wp44dj21400u0wnd', 'https://wx1.sinaimg.cn/orj960/6aa201f1ly1h6pj0wfq42j21400u0wge', 'https://wx1.sinaimg.cn/orj960/6aa201f1ly1h6pj0xqkz6j20u01400xz']",6,True,False,"{'_id': '1789002225', 'avatar_hd': 'https://tvax1.sinaimg.cn/crop.0.0.844.844.1024/6aa201f1ly8hby815ltxqj20ng0ngju5.jpg?KID=imgbed,tva&Expires=1713195249&ssig=7%2B0c4I7MIU', 'nick_name': '里昂很满意', 'verified': False, 'mbrank': 0, 'mbtype': 0}",https://weibo.com/1789002225/M8ggnCjat,延安时期,历史时期,,
4819691439130149,M8ggnCjat,2022-10-01 09:24:07,,发布于 北京,0,0,0,iPhone客户端,#大医·破晓篇#平生第一次线下追星，@马伯庸 马亲王新书《大医》签售。从爱尔兰医生柯师太福给张裕葡萄酒打第一支广告讲到自己查阅资料时无意发现徐悲鸿重庆治病病历亲笔签名，从民国期间红十字会上海鼠疫防治讲到抗战时期延安川口镇吐黄水病折射出的时代背景，以及这些细小无名故事背后的“大医”“义士”。这些几乎要尘封的故事和“小人物”每一个都在改变时代进程。以小见大，叹为观止。,"['https://wx1.sinaimg.cn/orj960/6aa201f1ly1h6pj0uviqcj21400u0abf', 'https://wx1.sinaimg.cn/orj960/6aa201f1ly1h6pj0v3cjwj21400u0gqz', 'https://wx1.sinaimg.cn/orj960/6aa201f1ly1h6pj0vhkxrj21400u0wgd', 'https://wx1.sinaimg.cn/orj960/6aa201f1ly1h6pj0wp44dj21400u0wnd', 'https://wx1.sinaimg.cn/orj960/6aa201f1ly1h6pj0wfq42j21400u0wge', 'https://wx1.sinaimg.cn/orj960/6aa201f1ly1h6pj0xqkz6j20u01400xz']",6,True,False,"{'_id': '1789002225', 'avatar_hd': 'https://tvax1.sinaimg.cn/crop.0.0.844.844.1024/6aa201f1ly8hby815ltxqj20ng0ngju5.jpg?KID=imgbed,tva&Expires=1713195261&ssig=w4nxytZ8IH', 'nick_name': '里昂很满意', 'verified': False, 'mbrank': 0, 'mbtype': 0}",https://weibo.com/1789002225/M8ggnCjat,延安时期,历史时期,,
4819709277768751,M8gJ9wB0r,2022-10-01 10:35:00,,,0,0,1,微博 weibo.com,"【我省建成实体科技馆19座】#关注陕西# 10年来，省科协按照“省域统筹政策与资源、市域集散调配资源、县域组织落实”发展思路，以“广覆盖、重实效”为目标，积极推动陕西省现代科技馆体系建设与发展，成效显著。目前我省建成并达标的实体科技馆有19座，获得配发的中国流动科技馆巡展展品21套，拥有科普大篷车99辆，建成农村中学科技馆48座，数字科技馆探索持续推进。

10年来，我省实体科技馆数量较2012年增长了9倍，总建筑面积增长了13倍。各实体科技馆面向公众推出了一大批精品科普活动，已成为科普工作的主阵地。陕西科技馆组织的“中国脊梁 大美秦岭”“新科技 新生活”等主题科普展览，受到观众的普遍欢迎和好评。黄龙县科技馆成功创建全国首家科技馆院士工作站，定期邀请天体物理学家、中科院院士武向平开展科普活动。

流动科技馆巡展提质增效。省市县科协三级联动，先后争取到21套中国流动科技馆巡展展品，巡展基本实现了全省两轮覆盖，累计完成了187站巡展，巡展直接受益公众达800余万人次，为县域以下公民科学素质的全面提升作出了积极贡献。

科普大篷车有效发挥“科普轻骑兵”作用。多年来，我省科普大篷车行程遍及全省各市（区），深入基层、偏远地区和乡镇农村开展巡展服务，行驶总里程244万余公里，累计开展活动9026场次，服务基层公众645万余人次，形成覆盖乡村的科普服务网络。

农村中学科技馆充分发挥校园科普优势。我省打造农村中学科技馆48所，覆盖47个县（区），并为多所学校额外配套了科普资源包，累计服务公众35.77万人次，为缓解我省边远地区、农村地区科普教育资源不均衡现状进行了有益尝试。

数字科技馆建设在探索中力求突破。陕西科技馆、延安科技馆等单位在数字科技馆建设、运营管理等方面进行了有效探索。各级科协及部分科技馆持续加强科普数字化发展，依托新媒体平台，创作了大量优质数字化科普内容，线上科普影响力显著提升。

省科协相关负责人介绍，“十四五”时期，我省将继续加强现代科技馆体系建设，以实体馆为依托，实现科普大篷车、流动科技馆、农村中学科技馆、数字科技馆同步推进，并在资源共建共享、人才队伍建设、运行模式和机制创新等方面实现新突破，为提高公众科学素质、推动高水平科技自立自强作出新贡献。",['https://wx1.sinaimg.cn/orj960/b8a2fabfly1h6pgiy0fr1j21hb0u07bc'],1,True,False,"{'_id': '3097688767', 'avatar_hd': 'https://tvax2.sinaimg.cn/crop.0.0.300.300.1024/b8a2fabfly8h8vgvryv1qj208c08cmxa.jpg?KID=imgbed,tva&Expires=1713195276&ssig=Yb0ytFHKbs', 'nick_name': '陕西发布', 'verified': True, 'mbrank': 7, 'mbtype': 12, 'verified_type': 1}",https://weibo.com/3097688767/M8gJ9wB0r,延安时期,历史时期,,
4819709277768751,M8gJ9wB0r,2022-10-01 10:35:00,,,0,0,1,微博 weibo.com,"【我省建成实体科技馆19座】#关注陕西# 10年来，省科协按照“省域统筹政策与资源、市域集散调配资源、县域组织落实”发展思路，以“广覆盖、重实效”为目标，积极推动陕西省现代科技馆体系建设与发展，成效显著。目前我省建成并达标的实体科技馆有19座，获得配发的中国流动科技馆巡展展品21套，拥有科普大篷车99辆，建成农村中学科技馆48座，数字科技馆探索持续推进。

10年来，我省实体科技馆数量较2012年增长了9倍，总建筑面积增长了13倍。各实体科技馆面向公众推出了一大批精品科普活动，已成为科普工作的主阵地。陕西科技馆组织的“中国脊梁 大美秦岭”“新科技 新生活”等主题科普展览，受到观众的普遍欢迎和好评。黄龙县科技馆成功创建全国首家科技馆院士工作站，定期邀请天体物理学家、中科院院士武向平开展科普活动。

流动科技馆巡展提质增效。省市县科协三级联动，先后争取到21套中国流动科技馆巡展展品，巡展基本实现了全省两轮覆盖，累计完成了187站巡展，巡展直接受益公众达800余万人次，为县域以下公民科学素质的全面提升作出了积极贡献。

科普大篷车有效发挥“科普轻骑兵”作用。多年来，我省科普大篷车行程遍及全省各市（区），深入基层、偏远地区和乡镇农村开展巡展服务，行驶总里程244万余公里，累计开展活动9026场次，服务基层公众645万余人次，形成覆盖乡村的科普服务网络。

农村中学科技馆充分发挥校园科普优势。我省打造农村中学科技馆48所，覆盖47个县（区），并为多所学校额外配套了科普资源包，累计服务公众35.77万人次，为缓解我省边远地区、农村地区科普教育资源不均衡现状进行了有益尝试。

数字科技馆建设在探索中力求突破。陕西科技馆、延安科技馆等单位在数字科技馆建设、运营管理等方面进行了有效探索。各级科协及部分科技馆持续加强科普数字化发展，依托新媒体平台，创作了大量优质数字化科普内容，线上科普影响力显著提升。

省科协相关负责人介绍，“十四五”时期，我省将继续加强现代科技馆体系建设，以实体馆为依托，实现科普大篷车、流动科技馆、农村中学科技馆、数字科技馆同步推进，并在资源共建共享、人才队伍建设、运行模式和机制创新等方面实现新突破，为提高公众科学素质、推动高水平科技自立自强作出新贡献。",['https://wx1.sinaimg.cn/orj960/b8a2fabfly1h6pgiy0fr1j21hb0u07bc'],1,True,False,"{'_id': '3097688767', 'avatar_hd': 'https://tvax2.sinaimg.cn/crop.0.0.300.300.1024/b8a2fabfly8h8vgvryv1qj208c08cmxa.jpg?KID=imgbed,tva&Expires=1713195286&ssig=XrAcSEG7cs', 'nick_name': '陕西发布', 'verified': True, 'mbrank': 7, 'mbtype': 12, 'verified_type': 1}",https://weibo.com/3097688767/M8gJ9wB0r,延安时期,历史时期,,
4819742986340729,M8hBwqBvP,2022-10-01 12:48:57,,,26,9,63,微博 weibo.com,"#中国共产党历史上的重要勋章#

●红旗勋章

红旗勋章由中华苏维埃共和国临时中央政府制定颁发，是中国共产党历史上的第一枚勋章，用于嘉奖为苏维埃政权英勇奋斗、做出突出贡献的红军指战员。1931年11月在瑞金召开的中华苏维埃第一次全国代表大会确立了它作为最高荣誉勋章的地位，毛泽东、朱德、彭德怀、方志敏、徐向前等8位当时红军主要领导都被授予红旗勋章。授予过程并不容易，徐向前由于没有出席在苏区的这次会议，在长征途中才正式收到。

红旗勋章尺寸不可考，外轮廓为五角星，正圆内叠于五角星之上，周围是齿轮以及麦穗，一面红旗飘扬在正中。红旗底部有一支步枪，上有党徽和“全世界无产阶级联合起来”字样。

●红星勋章

红星奖章由中华苏维埃中央革命军事委员会决定和授予，授予对象是领导南昌起义的负责同志及红军中有特殊功勋的指战员。一等红星奖章获得者包括周恩来、朱德、彭德怀、项英。这一奖章自1933年起发放，中革军委曾在1934年8月下达命令，授予在五次“反围剿”战斗中表现英勇且有特殊战绩的指战员，但两个月之后因红军主力被迫开始长征，红星奖章正式停止授予。

三个等级的红星奖章材质分别为金、银、铜，尺寸分别为52毫米、42毫米、38毫米。其中，一、二等奖章为十角星图案造型，即两个五角星相叠，中间圆形有禾穗环抱，正中是红星。除了外轮廓为五角星外，三等奖章的设计与一、二等奖章相同。

●新中国成立后第一次大规模授勋

1949年新中国成立之后，中国政府在1955年和1957年分两次对革命战争时期有功人员授予勋章，由全国人民代表大会常务委员会决定，中华人民共和国主席授予。向在红军时期、抗日战争时期和解放战争时期参加革命战争有功的人员，分别授予八一勋章和八一奖章，独立自由勋章和独立自由奖章，解放勋章和解放奖章。三大勋章又各分为一、二、三级，奖章不分级。它们均由中央美术学院教授周令钊设计。

三大勋章都分为两批次颁授，第一次是1955年全国人大常委会举行第22次会议审议，第二次是第一届全国人大常委会第74次会议审议，两次都由国家主席毛泽东发布授勋命令。奖章由国务院批准颁发，由国防部授予。

●中国人民解放军功勋荣誉章

1988年，中国人民解放军重新实行军衔制，在同年“八一”建军节颁发中国人民解放军功勋荣誉章，授予对象为革命战争时期入伍或参加革命工作的离休干部。荣誉章由全国人民代表大会常务委员会决定，中央军事委员会主席授予，国家主席、中央军事委员会副主席杨尚昆主持了授勋仪式。三块勋章分别是红星功勋荣誉章、独立功勋荣誉章、胜利功勋荣誉章，对应的历史时期与建国初期授予的八一、独立自由、解放三大奖章相同，分别对应红军时期、抗日战争时期、解放战争时期，不过1988年的功勋荣誉章将解放战争时期的截止时间界定为1950年6月30日。新的三大荣誉章尺寸都为40毫米。

其中，红星功勋荣誉章分为两级，颁发给1937年7月6日以前入伍或者参加革命工作的军队离休干部，独立功勋荣誉章只有一级，授予1937年7月7日至1945年9月2日期间入伍或参加革命工作的军队离休干部；胜利功勋荣誉章授予1945年9月3日至1949年9月30日期间入伍或参加革命工作的军队离休干部。

●解放军英模与立功奖励证章

1979年，经中央军事委员会批准，总政治部分别对战时和平时授予奖章做了统一规定。中国人民解放军奖章分为英雄模范奖章和立功奖章两类，由总政治部统一制作。英雄模范奖章分一级、二级两种；立功奖章分一、二、三等功三种。获得英雄模范奖章或立功奖章者，均发给总政治部统一印制的奖章证书。这是全军第一代统一的奖励证章。代表性英模包括张思德、董存瑞、黄继光、邱少云、雷锋等人。

2011年，新式证章在原版2枚英雄模范奖章和3枚立功奖章的基础上，增加了12枚纪念章，并将一级、二级英雄模范奖章调整为一级、二级英雄模范勋章。此外，12枚纪念章另分为5个类别，即：国防服役纪念章、卫国戍边纪念章、献身国防纪念章、和平使命纪念章、执行作战和重大任务纪念章。

2018年根据新修订的《中国人民解放军纪律条令》，将一级英雄模范勋章改为英模奖章，同时废止了二级英雄模范勋章、大军区（战区）级荣誉称号，将荣誉称号授予权收回至中央军事委员会。2022年2月，英模奖章被荣誉称号奖章所替代，退出历史舞台。

●全国劳动模范以及五一劳动奖章

劳动模范，是在社会主义建设事业中成绩卓著的劳动者，经职工民主评选、有关部门审核和政府审批后被授予的荣誉称号。

中共中央、国务院授予的劳动模范为“全国劳动模范”，授予对象是在社会主义建设事业中做出重大贡献者。现已基本形成每5年举行一次的固定模式，每次评选表彰先进个人3000名左右，由国务院授予全国劳动模范或全国先进工作者称号。其中全国劳动模范授予企业职工、农民和其他劳动者；全国先进工作者授予机关事业单位职工。

“五一”劳动奖章由中华全国总工会颁发，是中国工人阶级的最高奖项之一，授予对象为在社会主义各项建设事业中做出突出贡献的职工，至今仍在颁发。一般由省、自治区、直辖市总工会和全国产业工会申报，经全总审定批准。

2021年，五一劳动奖章被重新设计，元素包括国徽、齿轮、书籍、旗帜、五星、天安门、祥云、麦穗。

●新时代军事荣誉

《军队功勋荣誉表彰条例》是对党和国家功勋荣誉表彰制度体系的进一步完善，明确军队功勋荣誉表彰项目包括勋章、荣誉称号、奖励、表彰、纪念章。八一勋章，新的红旗勋章、红星勋章以及授予外军人员的和平勋章，再加细分的奖章、纪念章，一起构成了新时代的中国军事荣誉体系。几大勋章主章尺寸均为65毫米，均由中央军事委员会决定，中央军事委员会主席授予。

其中八一勋章在2017年建军90周年之际重新设立，是现行中国军事荣誉制度中最高的一级勋章，授予的对象是中国人民解放军、中国人民武装警察部队和公安现役部队的军人和文职人员，一般每5年授予一次。勋章式样包括军徽、五角星、利剑、旗帜、光芒和长城、橄榄枝等设计元素。

2022年，红旗勋章、红星勋章再次被设立，分别是现行中国军事荣誉制度中的第二级、第三级勋章。属于战时勋章，平时不授予，因此目前暂无获授者。红旗勋章式样包括军徽、红旗、令箭等元素。红星勋章式样则包括军徽、大红星、长城等元素。

●中国人民抗日战争胜利70周年纪念章

2015年是中国人民抗日战争胜利70周年，在“9·3”抗战胜利纪念日前夕，中央决定，以中共中央、国务院、中央军事委员会名义，向约21万名抗战老战士老同志、抗战将领、为中国抗战胜利做出贡献的国际友人或其遗属颁发中国人民抗日战争胜利70周年纪念章。
纪念章材质为紫铜镀金，尺寸为50毫米。纪念章中心图案为抗日战士浮雕，选用雕塑《大刀进行曲》正面，后方是延安宝塔山、奔腾的黄河，外围采用橄榄枝、70束光芒图案。

●中国人民志愿军抗美援朝出国作战70周年纪念章

2020年是中国人民志愿军抗美援朝出国作战70周年，中共中央、国务院、中央军事委员会向参加抗美援朝出国作战的、健在的志愿军老战士老同志等颁发中国人民志愿军抗美援朝出国作战70周年纪念章。

纪念章材质为紫铜镀金，尺寸为50毫米。纪念章核心部分为志愿军战士形象和70束光芒，以和平鸽、水纹和中朝两国国旗元素编制的绶带环绕四周，外围采用五星、桂叶和象征五次战役的箭头等元素，组成五瓣金达莱花（朝鲜国花）的造型。

●“五章一簿”

“五章”是指“共和国勋章”“七一勋章”“八一勋章”“友谊勋章”以及“国家荣誉称号”。“一簿”是指国家功勋簿，记载国家勋章和国家荣誉称号获得者名录及其功绩。

共和国勋章是现行中国国家勋章和国家荣誉制度中最高的一级，由全国人民代表大会常务委员会决定，国家主席授予，授予对象为在中国特色社会主义建设和保卫国家中做出巨大贡献、建立卓越功勋的杰出人士。该勋章于2019年9月29日首次颁发，首批勋章获得者有：于敏、申纪兰、孙家栋、李延年、张富清、袁隆平、黄旭华、屠呦呦。勋章式样包括国徽、五角星、黄河、长江、山峰、牡丹等元素。

七一勋章授予在中国特色社会主义伟大事业和党的建设新的伟大工程中做出杰出贡献的党员，这是党内最高荣誉；友谊勋章授予在中国社会主义现代化建设和促进中外交流合作、维护世界和平中做出杰出贡献的外国人；国家荣誉称号则是授予在经济、社会、国防、外交、教育、科技、文化、卫生、体育等各领域各行业做出重大贡献、享有崇高声誉的杰出人士。","['https://wx1.sinaimg.cn/orj960/001iFmCjly1h6pown731cj60nw0jgabj02', 'https://wx1.sinaimg.cn/orj960/001iFmCjly1h6pown7fo5j60dt0a4dg502', 'https://wx1.sinaimg.cn/orj960/001iFmCjly1h6powmxqabj60ea05udg402', 'https://wx1.sinaimg.cn/orj960/001iFmCjly1h6powndxvzj60u00ul0x302', 'https://wx1.sinaimg.cn/orj960/001iFmCjly1h6powndli5j60sd0rgtc502', 'https://wx1.sinaimg.cn/orj960/001iFmCjly1h6pown4uz1j60h90ey3yy02', 'https://wx1.sinaimg.cn/orj960/001iFmCjly1h6pownaa8zj60rp0wx40j02', 'https://wx1.sinaimg.cn/orj960/001iFmCjly1h6pownfexdj60ro0rogoj02', 'https://wx1.sinaimg.cn/orj960/001iFmCjly1h6pownfkjlj60u00k0jtm02', 'https://wx1.sinaimg.cn/orj960/001iFmCjly1h6powne6sqj60f00dtmxh02']",10,True,False,"{'_id': '1191965271', 'avatar_hd': 'https://tvax2.sinaimg.cn/crop.0.0.1000.1000.1024/001iFmCjly8h8vj76qxxtj60rs0rstaa02.jpg?KID=imgbed,tva&Expires=1713195320&ssig=YfxVtkucw8', 'nick_name': '三联生活周刊', 'verified': True, 'mbrank': 2, 'mbtype': 12, 'verified_type': 3}",https://weibo.com/1191965271/M8hBwqBvP,延安时期,历史时期,,
4819742986340729,M8hBwqBvP,2022-10-01 12:48:57,,,26,9,63,微博 weibo.com,"#中国共产党历史上的重要勋章#

●红旗勋章

红旗勋章由中华苏维埃共和国临时中央政府制定颁发，是中国共产党历史上的第一枚勋章，用于嘉奖为苏维埃政权英勇奋斗、做出突出贡献的红军指战员。1931年11月在瑞金召开的中华苏维埃第一次全国代表大会确立了它作为最高荣誉勋章的地位，毛泽东、朱德、彭德怀、方志敏、徐向前等8位当时红军主要领导都被授予红旗勋章。授予过程并不容易，徐向前由于没有出席在苏区的这次会议，在长征途中才正式收到。

红旗勋章尺寸不可考，外轮廓为五角星，正圆内叠于五角星之上，周围是齿轮以及麦穗，一面红旗飘扬在正中。红旗底部有一支步枪，上有党徽和“全世界无产阶级联合起来”字样。

●红星勋章

红星奖章由中华苏维埃中央革命军事委员会决定和授予，授予对象是领导南昌起义的负责同志及红军中有特殊功勋的指战员。一等红星奖章获得者包括周恩来、朱德、彭德怀、项英。这一奖章自1933年起发放，中革军委曾在1934年8月下达命令，授予在五次“反围剿”战斗中表现英勇且有特殊战绩的指战员，但两个月之后因红军主力被迫开始长征，红星奖章正式停止授予。

三个等级的红星奖章材质分别为金、银、铜，尺寸分别为52毫米、42毫米、38毫米。其中，一、二等奖章为十角星图案造型，即两个五角星相叠，中间圆形有禾穗环抱，正中是红星。除了外轮廓为五角星外，三等奖章的设计与一、二等奖章相同。

●新中国成立后第一次大规模授勋

1949年新中国成立之后，中国政府在1955年和1957年分两次对革命战争时期有功人员授予勋章，由全国人民代表大会常务委员会决定，中华人民共和国主席授予。向在红军时期、抗日战争时期和解放战争时期参加革命战争有功的人员，分别授予八一勋章和八一奖章，独立自由勋章和独立自由奖章，解放勋章和解放奖章。三大勋章又各分为一、二、三级，奖章不分级。它们均由中央美术学院教授周令钊设计。

三大勋章都分为两批次颁授，第一次是1955年全国人大常委会举行第22次会议审议，第二次是第一届全国人大常委会第74次会议审议，两次都由国家主席毛泽东发布授勋命令。奖章由国务院批准颁发，由国防部授予。

●中国人民解放军功勋荣誉章

1988年，中国人民解放军重新实行军衔制，在同年“八一”建军节颁发中国人民解放军功勋荣誉章，授予对象为革命战争时期入伍或参加革命工作的离休干部。荣誉章由全国人民代表大会常务委员会决定，中央军事委员会主席授予，国家主席、中央军事委员会副主席杨尚昆主持了授勋仪式。三块勋章分别是红星功勋荣誉章、独立功勋荣誉章、胜利功勋荣誉章，对应的历史时期与建国初期授予的八一、独立自由、解放三大奖章相同，分别对应红军时期、抗日战争时期、解放战争时期，不过1988年的功勋荣誉章将解放战争时期的截止时间界定为1950年6月30日。新的三大荣誉章尺寸都为40毫米。

其中，红星功勋荣誉章分为两级，颁发给1937年7月6日以前入伍或者参加革命工作的军队离休干部，独立功勋荣誉章只有一级，授予1937年7月7日至1945年9月2日期间入伍或参加革命工作的军队离休干部；胜利功勋荣誉章授予1945年9月3日至1949年9月30日期间入伍或参加革命工作的军队离休干部。

●解放军英模与立功奖励证章

1979年，经中央军事委员会批准，总政治部分别对战时和平时授予奖章做了统一规定。中国人民解放军奖章分为英雄模范奖章和立功奖章两类，由总政治部统一制作。英雄模范奖章分一级、二级两种；立功奖章分一、二、三等功三种。获得英雄模范奖章或立功奖章者，均发给总政治部统一印制的奖章证书。这是全军第一代统一的奖励证章。代表性英模包括张思德、董存瑞、黄继光、邱少云、雷锋等人。

2011年，新式证章在原版2枚英雄模范奖章和3枚立功奖章的基础上，增加了12枚纪念章，并将一级、二级英雄模范奖章调整为一级、二级英雄模范勋章。此外，12枚纪念章另分为5个类别，即：国防服役纪念章、卫国戍边纪念章、献身国防纪念章、和平使命纪念章、执行作战和重大任务纪念章。

2018年根据新修订的《中国人民解放军纪律条令》，将一级英雄模范勋章改为英模奖章，同时废止了二级英雄模范勋章、大军区（战区）级荣誉称号，将荣誉称号授予权收回至中央军事委员会。2022年2月，英模奖章被荣誉称号奖章所替代，退出历史舞台。

●全国劳动模范以及五一劳动奖章

劳动模范，是在社会主义建设事业中成绩卓著的劳动者，经职工民主评选、有关部门审核和政府审批后被授予的荣誉称号。

中共中央、国务院授予的劳动模范为“全国劳动模范”，授予对象是在社会主义建设事业中做出重大贡献者。现已基本形成每5年举行一次的固定模式，每次评选表彰先进个人3000名左右，由国务院授予全国劳动模范或全国先进工作者称号。其中全国劳动模范授予企业职工、农民和其他劳动者；全国先进工作者授予机关事业单位职工。

“五一”劳动奖章由中华全国总工会颁发，是中国工人阶级的最高奖项之一，授予对象为在社会主义各项建设事业中做出突出贡献的职工，至今仍在颁发。一般由省、自治区、直辖市总工会和全国产业工会申报，经全总审定批准。

2021年，五一劳动奖章被重新设计，元素包括国徽、齿轮、书籍、旗帜、五星、天安门、祥云、麦穗。

●新时代军事荣誉

《军队功勋荣誉表彰条例》是对党和国家功勋荣誉表彰制度体系的进一步完善，明确军队功勋荣誉表彰项目包括勋章、荣誉称号、奖励、表彰、纪念章。八一勋章，新的红旗勋章、红星勋章以及授予外军人员的和平勋章，再加细分的奖章、纪念章，一起构成了新时代的中国军事荣誉体系。几大勋章主章尺寸均为65毫米，均由中央军事委员会决定，中央军事委员会主席授予。

其中八一勋章在2017年建军90周年之际重新设立，是现行中国军事荣誉制度中最高的一级勋章，授予的对象是中国人民解放军、中国人民武装警察部队和公安现役部队的军人和文职人员，一般每5年授予一次。勋章式样包括军徽、五角星、利剑、旗帜、光芒和长城、橄榄枝等设计元素。

2022年，红旗勋章、红星勋章再次被设立，分别是现行中国军事荣誉制度中的第二级、第三级勋章。属于战时勋章，平时不授予，因此目前暂无获授者。红旗勋章式样包括军徽、红旗、令箭等元素。红星勋章式样则包括军徽、大红星、长城等元素。

●中国人民抗日战争胜利70周年纪念章

2015年是中国人民抗日战争胜利70周年，在“9·3”抗战胜利纪念日前夕，中央决定，以中共中央、国务院、中央军事委员会名义，向约21万名抗战老战士老同志、抗战将领、为中国抗战胜利做出贡献的国际友人或其遗属颁发中国人民抗日战争胜利70周年纪念章。
纪念章材质为紫铜镀金，尺寸为50毫米。纪念章中心图案为抗日战士浮雕，选用雕塑《大刀进行曲》正面，后方是延安宝塔山、奔腾的黄河，外围采用橄榄枝、70束光芒图案。

●中国人民志愿军抗美援朝出国作战70周年纪念章

2020年是中国人民志愿军抗美援朝出国作战70周年，中共中央、国务院、中央军事委员会向参加抗美援朝出国作战的、健在的志愿军老战士老同志等颁发中国人民志愿军抗美援朝出国作战70周年纪念章。

纪念章材质为紫铜镀金，尺寸为50毫米。纪念章核心部分为志愿军战士形象和70束光芒，以和平鸽、水纹和中朝两国国旗元素编制的绶带环绕四周，外围采用五星、桂叶和象征五次战役的箭头等元素，组成五瓣金达莱花（朝鲜国花）的造型。

●“五章一簿”

“五章”是指“共和国勋章”“七一勋章”“八一勋章”“友谊勋章”以及“国家荣誉称号”。“一簿”是指国家功勋簿，记载国家勋章和国家荣誉称号获得者名录及其功绩。

共和国勋章是现行中国国家勋章和国家荣誉制度中最高的一级，由全国人民代表大会常务委员会决定，国家主席授予，授予对象为在中国特色社会主义建设和保卫国家中做出巨大贡献、建立卓越功勋的杰出人士。该勋章于2019年9月29日首次颁发，首批勋章获得者有：于敏、申纪兰、孙家栋、李延年、张富清、袁隆平、黄旭华、屠呦呦。勋章式样包括国徽、五角星、黄河、长江、山峰、牡丹等元素。

七一勋章授予在中国特色社会主义伟大事业和党的建设新的伟大工程中做出杰出贡献的党员，这是党内最高荣誉；友谊勋章授予在中国社会主义现代化建设和促进中外交流合作、维护世界和平中做出杰出贡献的外国人；国家荣誉称号则是授予在经济、社会、国防、外交、教育、科技、文化、卫生、体育等各领域各行业做出重大贡献、享有崇高声誉的杰出人士。","['https://wx1.sinaimg.cn/orj960/001iFmCjly1h6pown731cj60nw0jgabj02', 'https://wx1.sinaimg.cn/orj960/001iFmCjly1h6pown7fo5j60dt0a4dg502', 'https://wx1.sinaimg.cn/orj960/001iFmCjly1h6powmxqabj60ea05udg402', 'https://wx1.sinaimg.cn/orj960/001iFmCjly1h6powndxvzj60u00ul0x302', 'https://wx1.sinaimg.cn/orj960/001iFmCjly1h6powndli5j60sd0rgtc502', 'https://wx1.sinaimg.cn/orj960/001iFmCjly1h6pown4uz1j60h90ey3yy02', 'https://wx1.sinaimg.cn/orj960/001iFmCjly1h6pownaa8zj60rp0wx40j02', 'https://wx1.sinaimg.cn/orj960/001iFmCjly1h6pownfexdj60ro0rogoj02', 'https://wx1.sinaimg.cn/orj960/001iFmCjly1h6pownfkjlj60u00k0jtm02', 'https://wx1.sinaimg.cn/orj960/001iFmCjly1h6powne6sqj60f00dtmxh02']",10,True,False,"{'_id': '1191965271', 'avatar_hd': 'https://tvax2.sinaimg.cn/crop.0.0.1000.1000.1024/001iFmCjly8h8vj76qxxtj60rs0rstaa02.jpg?KID=imgbed,tva&Expires=1713195330&ssig=%2F9oC%2FO98M8', 'nick_name': '三联生活周刊', 'verified': True, 'mbrank': 2, 'mbtype': 12, 'verified_type': 3}",https://weibo.com/1191965271/M8hBwqBvP,延安时期,历史时期,,
4819755246293337,M8hViqpbr,2022-10-01 13:37:40,,发布于 安徽,0,0,6,微博 weibo.com,"在行业不景气的日子里，李中坚专赴北京学习表演，作为特型演员出演邓小平[笑cry]
http://t.cn/A6G32oux
百年邓小平
2004年08月25日 02:06:41
本报记者 徐百柯

　 8月22日，一个星期以来几乎已经习惯了早上起床先打开电视，帮中国代表团数数雅典奥运会金牌数的中国老百姓们，很多人把频道转到了中央一台，看正在直播的邓小平诞辰一百周年纪念大会。

　 20年前的7月29日，是大多数中国人奥运记忆的起点。那一天，许海峰为中国获得了第一枚奥运金牌，而洛杉矶奥运会也是
 中国首次全面参加的夏季奥运会。两个月之后，10月1日，中华人民共和国成立35周年庆祝典礼。游行队伍中，北大学生打出了当代中国最著名的一幅标语：小平，您好！

　 电视画面记录的那个历史瞬间是这样出现的：站在天安门城楼上的胡耀邦最先看见了什么，微笑了起来，然后倾斜过身子对着神色庄重的邓小平说了一句话，同时手指向长安街上的游行队伍，邓小平的脸上露出了笑容。这时，电视镜头转向游行队伍，一幅绿底黑字的横幅出现在镜头中，全世界都看见了那四个字。

　 20年后，当中国人眼中看着雅典奥运，心里想着北京奥运时，前北京市副市长张百发告诉媒体：“小平同志是国家领导同志中第一个提出要办奥运会的！”

　 他回忆，1990年7月3日，邓小平视察奥体中心体育场。站在奥体中心看台的最高层，他向身边的张百发和伍绍祖说：“办好亚运会就要办奥运会，不然就是浪费了一半，举办奥运会对振奋民族精神、振兴经济有好处。”

　 于是，我们发现，这一周内，中国最具影响力的事件和世界最具影响力的事件，竟然以这样一种奇妙的方式发生了某种联系。

　 这种联系其实更像是一种隐喻：邓小平，改变了中国的意义世界，也改变了中国的世界意义。

　 按照权威的表述，邓小平是中国共产党第一代领导集体的重要成员和第二代领导集体的核心，他非常清醒地看到了中国共产党执政面临的危机，制定了市场经济改革的政策，与此相匹配，提出了政治体制改革的设想，并产生了中国市场经济改革的指导理论―――邓小平理论。

　 百年前，上距甲午战争十年，下距辛亥革命七年，邓小平出生时，没有人能预见到他会叠加如此丰富的意义。正如邓小平故居留言簿上，1989年4月9日，一位慕名而来的教师所写道的：“公元1904年8月22日这一天，他妈妈肯定想像不到，她儿子以后会成为世界伟人！”

　 以1949年为标志，中国共产党人断裂性地改变了中国的意义世界。以甲午战争为代表的民族耻辱被宣告为已经结束的历史，而以辛亥革命为代表的中国问题解决方案被宣告为失败。中国进入社会主义，并且，事后看来，不是人的“社会主义”，而是理念的“社会主义”。

　 以1978年为标志，中国共产党人在邓小平的领导下再次改变了中国的意义世界。各式各样的理念被宣告为不切实际的空想，除了一条，实事求是；而人民的肚皮被宣告为中国共产党首要考虑的问题。

　 这其中，毫无疑问，也包括邓小平的老乡王狗儿的肚皮。由于邓小平百年诞辰，王狗儿这个名字，也许是第一次出现在了中国的媒体上。这个“戴着三个金戒指的生意人”，租用着邓小平父亲邓绍昌当年所开的饭馆“味无穷”的门店和牌号，在邓小平童年经常活动的协兴老街上，发出声声悠长的吆喝“买，豆腐干―――哈”。1986年，在贫困线上挣扎的他贷款200元开始了豆制品生意，如今，靠着生意，他每天的收入“竟高达2000余元”。

　 许多媒体都把邓小平1979年访美时，从欢迎他的普通美国人手中接过白色牛仔帽，潇洒地戴在头上，评为他的“精彩瞬间”之一。从那次访问，邓小平开始改变中国的世界意义。

　 当时的美国《时代》周刊描述说，1978年，也许其他一些人比邓更为世界所关注。吉米？卡特可望通过自己成功的对外政策再次赢得民心；波兰运动员兼学者、克拉科夫大主教卡罗尔？沃伊蒂瓦荣登教皇宝座（约翰？保罗二世）；加利福尼亚退休的实业家霍华德？加尔维斯提出了一个“第十三号减税倡议”，得到了美国选民的热烈响应和赞同；在圭亚那的丛林中，狂热的巫术预言家吉姆？琼斯对自己的信徒们导演了一场灭绝人性的屠杀及自杀“白夜”，致使913人丧生。“然而”，《时代》周刊的结论是，“以上这一切，较之于中国决定加入世界大舞台来说，都是微不足道的”。

　 所以，邓小平的头像登上了1979年第一期《时代》周刊的封面，他被评为1978年年度人物。美国人写道：“一个崭新中国的梦想者―――邓小平向世界打开了‘中央之国’的大门。这是人类历史上气势恢宏，绝无仅有的一个壮举！”

　 这扇门，毫无疑问，也向陈依贵打开了。美国华文报纸《世界日报》在邓小平百年诞辰之际采访了这个纽约的电话卡小贩。他说，上世纪80年代，福建移民开始大举移居海外，而如果大陆没有改革开放，像他这样的人要出外闯天下，“只能是痴想”。

　 在纪念邓小平的热潮中，我们注意到这样一个细节：40集电视文献片《延安颂》中邓小平的扮演者李中坚，其身份是温州一家民营打火机厂的总经理。

　 2002年10月，李中坚这个和邓小平一样矮个子的中国人，作为中国打火机企业的代表赴欧盟总部布鲁塞尔，在“欧中首届反倾销论坛”上慷慨陈词，最终赢得了那场在中国经济学界享有广泛声誉的跨国官司。

　 美国《福布斯》杂志今年一月号曾发表了对李中坚的专访，标题是《游走在企业家和“伟人”中间》。文章是这样开篇的：“在行业不景气的日子里，李中坚专赴北京学习表演，作为特型演员出演邓小平。”

　 身家颇丰的李中坚表示，他的所有财富都受益于邓小平倡导的改革开放。他在接受媒体采访时说：“十多年前，当第一部反映邓小平革命生涯的电影《百色起义》上映时，就有人说我长得很像青年时期的邓小平。“当初听别人说我像邓小平时，我心里很不安：邓小平可是我的偶像！扮演邓小平就更不敢奢望了。但出于对改革开放总设计师的感激和尊重，在大家的鼓励和支持下，我觉得没有理由不去试一试。没有邓小平，我李中坚也不会有现在的事业。”

　 新华社所发的大量关于邓小平百年诞辰的稿件中，颇有意味的是这样一篇：30年前，中国几乎所有出版物都要以“毛主席教导我们”开头，广播、电台、公开场合的演讲乃至老师讲课都大段大段地引用毛主席语录。结果是《毛泽东选集》成为迄今世界上发行量第二大的书籍，仅次于《圣经》。对此，中国人民大学教授杨惠琳评价说，如果一种语言对人的长期统治使人们的表达方式都趋于一致，使用的词汇也基本相同，“这样说话就没有了任何意义，不能代表任何思想”。

　 从“毛主席说”到“我认为”，新华社稿件引用北京首家“当众说话”能力培训学校校长曹瑞芳的看法，“当代中国最有名的敢于独立思考并直言不讳的人是邓小平”。

　 大多数中国人对邓小平的“名言”都耳熟能详，从“不管白猫黑猫，捉住老鼠就是好猫”、“让一部分人先富起来”，到“改革开放胆子要大一些，敢于试验，不能像小脚女人一样”，再到“不讨论”、“发展就是硬道理”。

　 所谓意味在于，我们看到，邓小平所开启的直率风格和实用主义哲学甚至潜移默化地影响到了中国民众的深层心理。这也应该算是迄今还未得到充分讨论的“邓遗产”之一吧。

　 不过，百年邓小平的意义显然还不止这些。比如这条报道：“今年是邓小平同志诞辰一百周年，小平同志的故乡―――四川广安成为旅游热点。2004年以来，广安共接待游客298．6万人次，实现旅游总收入8．4亿元，均比2003年同期增长1倍以上。随着邓小平百年诞辰纪念日的临近，邓小平故居保护区做好各项准备，迎接旅游高峰的到来。”

　 很值得讨论一下的，也许正是广安。记者曾接触过一些四川其他“贫困老区”的官员，提到广安时，他们会露出一种奇怪的神色，说道：“广安嘛，这次赚大了！”其中，似乎有羡慕，也有某种讽刺。

　 据说，小平故里这两年的面貌发生了“翻天覆地”的变化，有了豪华的宾馆，也有了高档的住宅。不过，宾馆的客源有很多是从各地前来“参观学习”的官员，而新建的住宅很多根本就卖不出去，因为老区的百姓依然并不富裕。

　 与百年邓小平带给广安的发展相比，百年邓小平带给中国出版界的好处可能更加“实在”些。仅四川出版集团一家，就推出了60种纪念出版物。

　 作为资深的出版界人士，四川文艺出版社副社长金平曾经向记者比较过纪念毛泽东百年诞辰的出版物和纪念邓小平百年诞辰的出版物。他认为，对于毛泽东，大众往往有一种“探秘”的心理，出版物也随之徘徊在不断的神化和人化之间。相比之下，邓小平似乎没有特别引人关注的“秘闻”，他可以是“伟人”，也可以是“凡人”，但不会“走上神坛”。

　 说过“我是维吾尔族姑娘，辫子多，一抓一大把”这样的话的邓小平，应该是很有一些冷幽默的。所以，纪念邓小平，似乎也不用一直板着脸孔作严肃状。巧合的是，邓小平的百年诞辰是在“猴年”的“马月”，而在他的家乡话里，“猴年马月”指的是遥遥无期。

　 邓小平“摸着石头过河”，把中国从“猴年马月”的空想拉回“中国特色社会主义”，他这套哲学深刻地影响了当代中国社会。然而摆脱了“猴年马月”的中国社会，似乎又在某种程度上陷入了“此时此刻”的泛功利化甚至泛庸俗化困境。对此回应，不会等到“猴年马月”吧。",[],0,True,False,"{'_id': '3710258141', 'avatar_hd': 'https://tva2.sinaimg.cn/crop.0.0.2048.2048.1024/dd260bddjw8etrpjbaw7tj21kw2d0e81.jpg?KID=imgbed,tva&Expires=1713195346&ssig=ediphfXImK', 'nick_name': '中科大胡不归', 'verified': True, 'mbrank': 1, 'mbtype': 12, 'verified_type': 0}",https://weibo.com/3710258141/M8hViqpbr,延安时期,历史时期,,
4819755246293337,M8hViqpbr,2022-10-01 13:37:40,,发布于 安徽,0,0,6,微博 weibo.com,"在行业不景气的日子里，李中坚专赴北京学习表演，作为特型演员出演邓小平[笑cry]
http://t.cn/A6G32oux
百年邓小平
2004年08月25日 02:06:41
本报记者 徐百柯

　 8月22日，一个星期以来几乎已经习惯了早上起床先打开电视，帮中国代表团数数雅典奥运会金牌数的中国老百姓们，很多人把频道转到了中央一台，看正在直播的邓小平诞辰一百周年纪念大会。

　 20年前的7月29日，是大多数中国人奥运记忆的起点。那一天，许海峰为中国获得了第一枚奥运金牌，而洛杉矶奥运会也是
 中国首次全面参加的夏季奥运会。两个月之后，10月1日，中华人民共和国成立35周年庆祝典礼。游行队伍中，北大学生打出了当代中国最著名的一幅标语：小平，您好！

　 电视画面记录的那个历史瞬间是这样出现的：站在天安门城楼上的胡耀邦最先看见了什么，微笑了起来，然后倾斜过身子对着神色庄重的邓小平说了一句话，同时手指向长安街上的游行队伍，邓小平的脸上露出了笑容。这时，电视镜头转向游行队伍，一幅绿底黑字的横幅出现在镜头中，全世界都看见了那四个字。

　 20年后，当中国人眼中看着雅典奥运，心里想着北京奥运时，前北京市副市长张百发告诉媒体：“小平同志是国家领导同志中第一个提出要办奥运会的！”

　 他回忆，1990年7月3日，邓小平视察奥体中心体育场。站在奥体中心看台的最高层，他向身边的张百发和伍绍祖说：“办好亚运会就要办奥运会，不然就是浪费了一半，举办奥运会对振奋民族精神、振兴经济有好处。”

　 于是，我们发现，这一周内，中国最具影响力的事件和世界最具影响力的事件，竟然以这样一种奇妙的方式发生了某种联系。

　 这种联系其实更像是一种隐喻：邓小平，改变了中国的意义世界，也改变了中国的世界意义。

　 按照权威的表述，邓小平是中国共产党第一代领导集体的重要成员和第二代领导集体的核心，他非常清醒地看到了中国共产党执政面临的危机，制定了市场经济改革的政策，与此相匹配，提出了政治体制改革的设想，并产生了中国市场经济改革的指导理论―――邓小平理论。

　 百年前，上距甲午战争十年，下距辛亥革命七年，邓小平出生时，没有人能预见到他会叠加如此丰富的意义。正如邓小平故居留言簿上，1989年4月9日，一位慕名而来的教师所写道的：“公元1904年8月22日这一天，他妈妈肯定想像不到，她儿子以后会成为世界伟人！”

　 以1949年为标志，中国共产党人断裂性地改变了中国的意义世界。以甲午战争为代表的民族耻辱被宣告为已经结束的历史，而以辛亥革命为代表的中国问题解决方案被宣告为失败。中国进入社会主义，并且，事后看来，不是人的“社会主义”，而是理念的“社会主义”。

　 以1978年为标志，中国共产党人在邓小平的领导下再次改变了中国的意义世界。各式各样的理念被宣告为不切实际的空想，除了一条，实事求是；而人民的肚皮被宣告为中国共产党首要考虑的问题。

　 这其中，毫无疑问，也包括邓小平的老乡王狗儿的肚皮。由于邓小平百年诞辰，王狗儿这个名字，也许是第一次出现在了中国的媒体上。这个“戴着三个金戒指的生意人”，租用着邓小平父亲邓绍昌当年所开的饭馆“味无穷”的门店和牌号，在邓小平童年经常活动的协兴老街上，发出声声悠长的吆喝“买，豆腐干―――哈”。1986年，在贫困线上挣扎的他贷款200元开始了豆制品生意，如今，靠着生意，他每天的收入“竟高达2000余元”。

　 许多媒体都把邓小平1979年访美时，从欢迎他的普通美国人手中接过白色牛仔帽，潇洒地戴在头上，评为他的“精彩瞬间”之一。从那次访问，邓小平开始改变中国的世界意义。

　 当时的美国《时代》周刊描述说，1978年，也许其他一些人比邓更为世界所关注。吉米？卡特可望通过自己成功的对外政策再次赢得民心；波兰运动员兼学者、克拉科夫大主教卡罗尔？沃伊蒂瓦荣登教皇宝座（约翰？保罗二世）；加利福尼亚退休的实业家霍华德？加尔维斯提出了一个“第十三号减税倡议”，得到了美国选民的热烈响应和赞同；在圭亚那的丛林中，狂热的巫术预言家吉姆？琼斯对自己的信徒们导演了一场灭绝人性的屠杀及自杀“白夜”，致使913人丧生。“然而”，《时代》周刊的结论是，“以上这一切，较之于中国决定加入世界大舞台来说，都是微不足道的”。

　 所以，邓小平的头像登上了1979年第一期《时代》周刊的封面，他被评为1978年年度人物。美国人写道：“一个崭新中国的梦想者―――邓小平向世界打开了‘中央之国’的大门。这是人类历史上气势恢宏，绝无仅有的一个壮举！”

　 这扇门，毫无疑问，也向陈依贵打开了。美国华文报纸《世界日报》在邓小平百年诞辰之际采访了这个纽约的电话卡小贩。他说，上世纪80年代，福建移民开始大举移居海外，而如果大陆没有改革开放，像他这样的人要出外闯天下，“只能是痴想”。

　 在纪念邓小平的热潮中，我们注意到这样一个细节：40集电视文献片《延安颂》中邓小平的扮演者李中坚，其身份是温州一家民营打火机厂的总经理。

　 2002年10月，李中坚这个和邓小平一样矮个子的中国人，作为中国打火机企业的代表赴欧盟总部布鲁塞尔，在“欧中首届反倾销论坛”上慷慨陈词，最终赢得了那场在中国经济学界享有广泛声誉的跨国官司。

　 美国《福布斯》杂志今年一月号曾发表了对李中坚的专访，标题是《游走在企业家和“伟人”中间》。文章是这样开篇的：“在行业不景气的日子里，李中坚专赴北京学习表演，作为特型演员出演邓小平。”

　 身家颇丰的李中坚表示，他的所有财富都受益于邓小平倡导的改革开放。他在接受媒体采访时说：“十多年前，当第一部反映邓小平革命生涯的电影《百色起义》上映时，就有人说我长得很像青年时期的邓小平。“当初听别人说我像邓小平时，我心里很不安：邓小平可是我的偶像！扮演邓小平就更不敢奢望了。但出于对改革开放总设计师的感激和尊重，在大家的鼓励和支持下，我觉得没有理由不去试一试。没有邓小平，我李中坚也不会有现在的事业。”

　 新华社所发的大量关于邓小平百年诞辰的稿件中，颇有意味的是这样一篇：30年前，中国几乎所有出版物都要以“毛主席教导我们”开头，广播、电台、公开场合的演讲乃至老师讲课都大段大段地引用毛主席语录。结果是《毛泽东选集》成为迄今世界上发行量第二大的书籍，仅次于《圣经》。对此，中国人民大学教授杨惠琳评价说，如果一种语言对人的长期统治使人们的表达方式都趋于一致，使用的词汇也基本相同，“这样说话就没有了任何意义，不能代表任何思想”。

　 从“毛主席说”到“我认为”，新华社稿件引用北京首家“当众说话”能力培训学校校长曹瑞芳的看法，“当代中国最有名的敢于独立思考并直言不讳的人是邓小平”。

　 大多数中国人对邓小平的“名言”都耳熟能详，从“不管白猫黑猫，捉住老鼠就是好猫”、“让一部分人先富起来”，到“改革开放胆子要大一些，敢于试验，不能像小脚女人一样”，再到“不讨论”、“发展就是硬道理”。

　 所谓意味在于，我们看到，邓小平所开启的直率风格和实用主义哲学甚至潜移默化地影响到了中国民众的深层心理。这也应该算是迄今还未得到充分讨论的“邓遗产”之一吧。

　 不过，百年邓小平的意义显然还不止这些。比如这条报道：“今年是邓小平同志诞辰一百周年，小平同志的故乡―――四川广安成为旅游热点。2004年以来，广安共接待游客298．6万人次，实现旅游总收入8．4亿元，均比2003年同期增长1倍以上。随着邓小平百年诞辰纪念日的临近，邓小平故居保护区做好各项准备，迎接旅游高峰的到来。”

　 很值得讨论一下的，也许正是广安。记者曾接触过一些四川其他“贫困老区”的官员，提到广安时，他们会露出一种奇怪的神色，说道：“广安嘛，这次赚大了！”其中，似乎有羡慕，也有某种讽刺。

　 据说，小平故里这两年的面貌发生了“翻天覆地”的变化，有了豪华的宾馆，也有了高档的住宅。不过，宾馆的客源有很多是从各地前来“参观学习”的官员，而新建的住宅很多根本就卖不出去，因为老区的百姓依然并不富裕。

　 与百年邓小平带给广安的发展相比，百年邓小平带给中国出版界的好处可能更加“实在”些。仅四川出版集团一家，就推出了60种纪念出版物。

　 作为资深的出版界人士，四川文艺出版社副社长金平曾经向记者比较过纪念毛泽东百年诞辰的出版物和纪念邓小平百年诞辰的出版物。他认为，对于毛泽东，大众往往有一种“探秘”的心理，出版物也随之徘徊在不断的神化和人化之间。相比之下，邓小平似乎没有特别引人关注的“秘闻”，他可以是“伟人”，也可以是“凡人”，但不会“走上神坛”。

　 说过“我是维吾尔族姑娘，辫子多，一抓一大把”这样的话的邓小平，应该是很有一些冷幽默的。所以，纪念邓小平，似乎也不用一直板着脸孔作严肃状。巧合的是，邓小平的百年诞辰是在“猴年”的“马月”，而在他的家乡话里，“猴年马月”指的是遥遥无期。

　 邓小平“摸着石头过河”，把中国从“猴年马月”的空想拉回“中国特色社会主义”，他这套哲学深刻地影响了当代中国社会。然而摆脱了“猴年马月”的中国社会，似乎又在某种程度上陷入了“此时此刻”的泛功利化甚至泛庸俗化困境。对此回应，不会等到“猴年马月”吧。",[],0,True,False,"{'_id': '3710258141', 'avatar_hd': 'https://tva2.sinaimg.cn/crop.0.0.2048.2048.1024/dd260bddjw8etrpjbaw7tj21kw2d0e81.jpg?KID=imgbed,tva&Expires=1713195356&ssig=PA6D4qEDbF', 'nick_name': '中科大胡不归', 'verified': True, 'mbrank': 1, 'mbtype': 12, 'verified_type': 0}",https://weibo.com/3710258141/M8hViqpbr,延安时期,历史时期,,
4819775785798959,M8isqokzB,2022-10-01 14:59:17,,发布于 广东,14,11,47,荣耀50 Pro 5G,【老照片】1944年，陕北。抗战时期，以鬼子为首的法西斯疲态尽显，八路军高级军官在延安宴请了来访的美军军事观察代表团。此时，我们的物质条件也大为改观，但是比起重庆的西洋乐器、晚装贵妇、白手套、皮鞋、燕尾服还是差太远。在当时陕北来说，这样的伙食条件已是很不错，这是美国记者拍的原版照片。 ​​​,"['https://wx1.sinaimg.cn/orj960/bc922383gy1h6psp12my1j24bl2uq7wk', 'https://wx1.sinaimg.cn/orj960/bc922383gy1h6psp7hakcj24aa2snb2d', 'https://wx1.sinaimg.cn/orj960/bc922383gy1h6pspbvkwsj24ag2ut7wk', 'https://wx1.sinaimg.cn/orj960/bc922383gy1h6pspg8vlgj24dn2wehdw', 'https://wx1.sinaimg.cn/orj960/bc922383gy1h6pspkk24lj24972sehdw', 'https://wx1.sinaimg.cn/orj960/bc922383gy1h6pspqfbblj24af2sfb2d']",6,False,False,"{'_id': '3163693955', 'avatar_hd': 'https://tvax1.sinaimg.cn/crop.0.0.1026.1026.1024/bc922383ly8hcz111bbqej20si0sitah.jpg?KID=imgbed,tva&Expires=1713195373&ssig=c5Asz%2Fu63K', 'nick_name': '唐哲同学', 'verified': True, 'mbrank': 2, 'mbtype': 12, 'verified_type': 0}",https://weibo.com/3163693955/M8isqokzB,延安时期,历史时期,,
4819860049629162,M8kEkEoZ4,2022-10-01 20:34:07,,发布于 陕西,0,0,0,微博轻享版,"【多语种讲好陕西文学中的红色经典（九）】茅盾：《白杨礼赞》（1941）
陕西省文化资源丰富，文学成就显著。“多语种讲好陕西文学中的红色经典”专题推送聚焦延安时期以来的陕西红色文学经典，包括对现代陕西作家的经典红色文学作品、相关作家在陕西创作的革命文学作品、当代陕西作家富有历史眼光的现实主义作品等进行多语种翻译推广与宣传，与广大读者一起见证陕西文学从革命黄土走向辉煌富丽的旅程，助力讲好陕西红色故事，传播中国文学声音。
http://t.cn/A6owKGyJ",[],0,True,False,"{'_id': '6912754446', 'avatar_hd': 'https://tvax4.sinaimg.cn/crop.0.0.512.512.1024/007xPddsly8ga4kbsvq79j30e80e8t9g.jpg?KID=imgbed,tva&Expires=1713195454&ssig=PG9NVUZfDn', 'nick_name': '陕西省外国文学学会', 'verified': False, 'mbrank': 0, 'mbtype': 0}",https://weibo.com/6912754446/M8kEkEoZ4,延安时期,历史时期,,
4819860049629162,M8kEkEoZ4,2022-10-01 20:34:07,,发布于 陕西,0,0,0,微博轻享版,"【多语种讲好陕西文学中的红色经典（九）】茅盾：《白杨礼赞》（1941）
陕西省文化资源丰富，文学成就显著。“多语种讲好陕西文学中的红色经典”专题推送聚焦延安时期以来的陕西红色文学经典，包括对现代陕西作家的经典红色文学作品、相关作家在陕西创作的革命文学作品、当代陕西作家富有历史眼光的现实主义作品等进行多语种翻译推广与宣传，与广大读者一起见证陕西文学从革命黄土走向辉煌富丽的旅程，助力讲好陕西红色故事，传播中国文学声音。
http://t.cn/A6owKGyJ",[],0,True,False,"{'_id': '6912754446', 'avatar_hd': 'https://tvax4.sinaimg.cn/crop.0.0.512.512.1024/007xPddsly8ga4kbsvq79j30e80e8t9g.jpg?KID=imgbed,tva&Expires=1713195461&ssig=%2FXqw6qL0%2B2', 'nick_name': '陕西省外国文学学会', 'verified': False, 'mbrank': 0, 'mbtype': 0}",https://weibo.com/6912754446/M8kEkEoZ4,延安时期,历史时期,,
4819902277358664,M8lKruSk8,2022-10-01 23:21:55,"{'type': 'Point', 'coordinates': [24.314617, 109.411703], 'detail': {'poiid': '8008645020000000000', 'title': '柳州', 'type': 'checkin', 'spot_type': '0'}}",发布于 广西,0,0,1,vivo S9e 极夜自拍,#祝新中国生日快乐##庆祝新中国成立73周年# 我有一面小小国旗，今天国庆节，拿着它上街。手摇着小国旗，心中响起的是《歌唱祖国》的旋律“五星红旗迎风飘扬 胜利歌声多么响亮”，回忆起去年看《理想照耀中国》之歌唱祖国单元，讲了这首歌作者王莘创作它的故事。作曲家王莘的老师是冼星海，抗日时期冼星海在延安写出了《黄河大合唱》，他的学生王莘在1950年写出了《歌唱祖国》，是见到天安门广场的情景，然后在回家的火车上写出了这首歌的开头一段，后来完成整首，逐渐成为全中国人民都会唱的弘扬爱国精神的经典歌曲。附上去年我看了那一篇章写的观感微博。 ,"['https://wx1.sinaimg.cn/orj960/ac04f659gy1h6q6f8z1p2j23k02o0kjn', 'https://wx1.sinaimg.cn/orj960/ac04f659gy1h6q6fe74urj23k02o0e83', 'https://wx1.sinaimg.cn/orj960/ac04f659gy1h6q6ffhsh5j20tz1oekjg']",3,True,False,"{'_id': '2886006361', 'avatar_hd': 'https://tvax4.sinaimg.cn/crop.0.0.1080.1080.1024/ac04f659ly8h7j7mve5zlj20u00u047e.jpg?KID=imgbed,tva&Expires=1713195499&ssig=FeT8GFlWJ6', 'nick_name': '枫声竹韵', 'verified': True, 'mbrank': 1, 'mbtype': 2, 'verified_type': 0}",https://weibo.com/2886006361/M8lKruSk8,延安时期,历史时期,,
4819902277358664,M8lKruSk8,2022-10-01 23:21:55,"{'type': 'Point', 'coordinates': [24.314617, 109.411703], 'detail': {'poiid': '8008645020000000000', 'title': '柳州', 'type': 'checkin', 'spot_type': '0'}}",发布于 广西,0,0,1,vivo S9e 极夜自拍,#祝新中国生日快乐##庆祝新中国成立73周年# 我有一面小小国旗，今天国庆节，拿着它上街。手摇着小国旗，心中响起的是《歌唱祖国》的旋律“五星红旗迎风飘扬 胜利歌声多么响亮”，回忆起去年看《理想照耀中国》之歌唱祖国单元，讲了这首歌作者王莘创作它的故事。作曲家王莘的老师是冼星海，抗日时期冼星海在延安写出了《黄河大合唱》，他的学生王莘在1950年写出了《歌唱祖国》，是见到天安门广场的情景，然后在回家的火车上写出了这首歌的开头一段，后来完成整首，逐渐成为全中国人民都会唱的弘扬爱国精神的经典歌曲。附上去年我看了那一篇章写的观感微博。 ,"['https://wx1.sinaimg.cn/orj960/ac04f659gy1h6q6f8z1p2j23k02o0kjn', 'https://wx1.sinaimg.cn/orj960/ac04f659gy1h6q6fe74urj23k02o0e83', 'https://wx1.sinaimg.cn/orj960/ac04f659gy1h6q6ffhsh5j20tz1oekjg']",3,True,False,"{'_id': '2886006361', 'avatar_hd': 'https://tvax4.sinaimg.cn/crop.0.0.1080.1080.1024/ac04f659ly8h7j7mve5zlj20u00u047e.jpg?KID=imgbed,tva&Expires=1713195506&ssig=00ggd3B9ja', 'nick_name': '枫声竹韵', 'verified': True, 'mbrank': 1, 'mbtype': 2, 'verified_type': 0}",https://weibo.com/2886006361/M8lKruSk8,延安时期,历史时期,,
